gender,SeniorCitizen,Partner,Dependents,tenure,PhoneService,PaperlessBilling,MonthlyCharges,TotalCharges,Churn,MultipleLines_No phone service,MultipleLines_Yes,InternetService_Fiber optic,InternetService_No,OnlineSecurity_No internet service,OnlineSecurity_Yes,OnlineBackup_No internet service,OnlineBackup_Yes,DeviceProtection_No internet service,DeviceProtection_Yes,TechSupport_No internet service,TechSupport_Yes,StreamingTV_No internet service,StreamingTV_Yes,StreamingMovies_No internet service,StreamingMovies_Yes,Contract_One year,Contract_Two year,PaymentMethod_Credit card (automatic),PaymentMethod_Electronic check,PaymentMethod_Mailed check
0.0,0.0,1.0,0.0,71.0,1.0,0.0,89.3,6388.65,0,False,True,False,False,False,True,False,True,False,True,False,True,False,True,False,True,False,True,True,False,False
0.0,1.0,1.0,0.0,65.0,1.0,1.0,109.4,7227.45,0,False,True,True,False,False,True,False,True,False,True,False,False,False,True,False,True,False,False,True,False,False
0.0,0.0,1.0,1.0,64.0,1.0,0.0,24.9,1595.5,0,False,True,False,True,True,False,True,False,True,False,True,False,True,False,True,False,True,False,False,False,True
0.0,0.0,0.0,0.0,61.0,1.0,1.0,106.6,6428.4,1,False,True,True,False,False,False,False,False,False,True,False,True,False,True,False,True,False,True,False,True,False
0.0,1.0,0.0,0.0,55.0,1.0,1.0,116.5,6382.55,0,False,True,True,False,False,True,False,True,False,True,False,True,False,True,False,True,False,False,False,True,False
0.0,0.0,0.0,0.0,61.0,1.0,1.0,115.1,6993.65,0,False,True,True,False,False,True,False,True,False,True,False,True,False,True,False,True,True,False,False,False,True
0.0,0.0,1.0,1.0,58.0,0.0,0.0,50.0,2919.85,0,True,False,False,False,False,True,False,True,False,True,False,False,False,True,False,False,True,False,False,False,True
0.0,0.0,1.0,0.0,53.0,1.0,1.0,111.8,5809.75,0,False,True,True,False,False,False,False,True,False,True,False,True,False,True,False,True,True,False,False,False,False
0.0,0.0,0.0,1.0,71.0,1.0,0.0,24.35,1654.6,0,False,True,False,True,True,False,True,False,True,False,True,False,True,False,True,False,False,True,False,False,True
0.0,0.0,0.0,0.0,66.0,1.0,0.0,19.35,1240.8,0,False,False,False,True,True,False,True,False,True,False,True,False,True,False,True,False,False,True,False,False,False
0.0,0.0,0.0,1.0,55.0,1.0,0.0,19.1,1001.5,0,False,False,False,True,True,False,True,False,True,False,True,False,True,False,True,False,True,False,False,False,False
0.0,1.0,1.0,0.0,72.0,1.0,0.0,84.45,5899.85,0,False,True,False,False,False,True,False,True,False,True,False,False,False,True,False,True,False,True,True,False,False
0.0,0.0,1.0,1.0,61.0,1.0,1.0,49.7,2961.4,0,False,False,False,False,False,True,False,False,False,False,False,False,False,False,False,False,True,False,False,False,False
0.0,1.0,1.0,0.0,72.0,1.0,0.0,78.5,5602.25,0,False,True,True,False,False,True,False,False,False,False,False,False,False,False,False,False,False,True,False,False,False
0.0,0.0,1.0,1.0,57.0,1.0,0.0,19.75,1272.05,0,False,False,False,True,True,False,True,False,True,False,True,False,True,False,True,False,False,True,False,False,False
0.0,0.0,1.0,1.0,68.0,1.0,1.0,19.95,1303.25,0,False,False,False,True,True,False,True,False,True,False,True,False,True,False,True,False,False,True,False,False,False
0.0,0.0,1.0,1.0,68.0,0.0,0.0,44.8,2983.65,0,True,False,False,False,False,True,False,True,False,False,False,False,False,True,False,False,True,False,False,False,True
0.0,0.0,1.0,1.0,67.0,1.0,1.0,105.4,6989.45,0,False,True,True,False,False,False,False,True,False,True,False,False,False,True,False,True,True,False,False,True,False
0.0,0.0,1.0,1.0,71.0,1.0,1.0,66.2,4692.55,0,False,True,False,False,False,True,False,False,False,False,False,False,False,True,False,False,True,False,False,True,False
0.0,0.0,1.0,1.0,51.0,0.0,1.0,56.15,2898.95,0,True,False,False,False,False,False,False,False,False,True,False,True,False,True,False,True,True,False,False,True,False
0.0,1.0,1.0,0.0,59.0,1.0,1.0,94.05,5483.9,0,False,True,True,False,False,True,False,True,False,True,False,True,False,False,False,False,True,False,False,True,False
0.0,0.0,0.0,0.0,58.0,1.0,1.0,103.25,6017.65,1,False,True,True,False,False,False,False,True,False,True,False,False,False,True,False,True,True,False,False,False,False
0.0,0.0,0.0,0.0,53.0,1.0,0.0,19.65,978.0,0,False,False,False,True,True,False,True,False,True,False,True,False,True,False,True,False,False,True,False,False,False
0.0,0.0,1.0,1.0,61.0,1.0,1.0,106.0,6547.7,1,False,True,True,False,False,True,False,True,False,False,False,False,False,True,False,True,True,False,False,True,False
0.0,0.0,1.0,0.0,63.0,1.0,1.0,81.15,5224.5,0,False,False,True,False,False,True,False,False,False,True,False,False,False,False,False,False,True,False,True,False,False
0.0,0.0,1.0,0.0,54.0,1.0,1.0,114.65,6049.5,0,False,True,True,False,False,True,False,True,False,True,False,True,False,True,False,True,True,False,False,False,True
0.0,0.0,1.0,1.0,66.0,0.0,0.0,54.65,3632.0,0,True,False,False,False,False,False,False,False,False,True,False,True,False,True,False,True,False,True,False,False,False
0.0,0.0,1.0,1.0,72.0,1.0,1.0,83.55,6093.3,0,False,True,False,False,False,True,False,False,False,True,False,True,False,True,False,True,False,True,True,False,False
0.0,0.0,1.0,1.0,53.0,1.0,1.0,92.55,4779.45,0,False,False,True,False,False,False,False,True,False,False,False,True,False,True,False,False,False,False,False,True,False
0.0,1.0,1.0,0.0,72.0,1.0,1.0,112.9,8061.5,0,False,True,True,False,False,True,False,True,False,True,False,True,False,True,False,True,False,False,True,False,False
0.0,1.0,0.0,0.0,71.0,1.0,1.0,106.8,7623.2,0,False,True,True,False,False,False,False,True,False,False,False,True,False,True,False,True,False,True,False,True,False
0.0,0.0,0.0,0.0,64.0,1.0,1.0,104.4,6692.65,0,False,True,True,False,False,False,False,True,False,True,False,False,False,True,False,True,False,True,False,False,False
0.0,0.0,0.0,0.0,68.0,1.0,1.0,54.45,3674.95,0,False,False,False,False,False,True,False,False,False,True,False,False,False,False,False,False,True,False,True,False,False
0.0,0.0,1.0,1.0,67.0,1.0,1.0,75.5,5229.45,0,False,True,False,False,False,True,False,False,False,False,False,False,False,True,False,True,False,True,False,True,False
0.0,1.0,1.0,1.0,56.0,1.0,1.0,104.55,5794.65,1,False,True,True,False,False,True,False,False,False,True,False,False,False,True,False,True,True,False,False,False,False
0.0,1.0,1.0,1.0,71.0,1.0,1.0,86.7,6179.35,0,False,False,True,False,False,True,False,True,False,True,False,False,False,False,False,False,True,False,False,False,False
0.0,0.0,1.0,0.0,58.0,1.0,0.0,20.75,1185.95,0,False,False,False,True,True,False,True,False,True,False,True,False,True,False,True,False,False,True,False,False,True
0.0,0.0,1.0,1.0,68.0,1.0,1.0,114.7,7849.85,0,False,True,True,False,False,True,False,True,False,True,False,True,False,True,False,True,False,True,False,False,False
0.0,0.0,1.0,1.0,71.0,1.0,1.0,73.35,5154.5,0,False,False,False,False,False,False,False,True,False,False,False,True,False,True,False,True,False,True,True,False,False
0.0,0.0,1.0,0.0,71.0,1.0,1.0,116.1,8310.55,0,False,True,True,False,False,True,False,True,False,True,False,True,False,True,False,True,False,True,False,False,False
0.0,0.0,0.0,0.0,64.0,1.0,1.0,100.3,6603.8,0,False,False,True,False,False,True,False,True,False,False,False,False,False,True,False,True,True,False,True,False,False
0.0,0.0,1.0,1.0,66.0,1.0,1.0,74.25,4859.25,0,False,True,True,False,False,False,False,False,False,False,False,False,False,False,False,False,True,False,False,False,False
0.0,0.0,1.0,1.0,72.0,1.0,1.0,108.4,7767.25,0,False,True,True,False,False,True,False,True,False,True,False,False,False,True,False,True,False,True,True,False,False
0.0,0.0,0.0,0.0,68.0,1.0,0.0,79.6,5461.45,0,False,False,True,False,False,False,False,True,False,True,False,False,False,False,False,False,True,False,True,False,False
0.0,0.0,1.0,0.0,62.0,1.0,0.0,113.95,6891.4,0,False,True,True,False,False,True,False,True,False,True,False,True,False,True,False,True,False,True,False,False,True
0.0,0.0,0.0,0.0,63.0,1.0,1.0,86.7,5309.5,0,False,False,False,False,False,True,False,True,False,True,False,True,False,True,False,True,False,True,False,False,False
0.0,0.0,0.0,0.0,67.0,1.0,0.0,116.2,7752.3,1,False,True,True,False,False,True,False,True,False,True,False,True,False,True,False,True,False,True,True,False,False
0.0,0.0,0.0,1.0,63.0,0.0,1.0,40.6,2588.95,0,True,False,False,False,False,True,False,True,False,False,False,True,False,False,False,False,True,False,False,False,False
0.0,0.0,0.0,0.0,56.0,1.0,1.0,86.4,4922.4,0,False,True,True,False,False,True,False,True,False,False,False,False,False,False,False,False,False,False,False,True,False
0.0,1.0,1.0,0.0,69.0,1.0,1.0,108.4,7318.2,1,False,True,True,False,False,False,False,True,False,True,False,True,False,True,False,True,False,True,False,False,False
0.0,0.0,1.0,1.0,64.0,1.0,0.0,65.8,4068.0,0,False,False,False,False,False,True,False,False,False,False,False,True,False,True,False,False,True,False,False,False,True
0.0,0.0,0.0,1.0,53.0,1.0,0.0,62.85,3419.5,0,False,False,False,False,False,True,False,True,False,False,False,True,False,False,False,False,True,False,True,False,False
0.0,0.0,1.0,0.0,71.0,1.0,1.0,115.15,8078.1,0,False,True,True,False,False,True,False,True,False,True,False,True,False,True,False,True,False,True,True,False,False
0.0,0.0,1.0,0.0,60.0,1.0,1.0,106.15,6411.25,0,False,True,True,False,False,False,False,True,False,True,False,False,False,True,False,True,False,False,False,True,False
0.0,0.0,0.0,0.0,68.0,1.0,0.0,25.5,1821.8,0,False,True,False,True,True,False,True,False,True,False,True,False,True,False,True,False,False,True,False,False,False
0.0,0.0,1.0,1.0,70.0,1.0,0.0,79.7,5743.3,0,False,True,False,False,False,True,False,True,False,True,False,True,False,True,False,False,False,True,False,False,False
0.0,0.0,1.0,1.0,72.0,1.0,1.0,90.35,6563.4,0,False,True,True,False,False,True,False,True,False,False,False,True,False,False,False,False,False,True,False,False,False
0.0,0.0,0.0,0.0,68.0,1.0,0.0,79.6,5461.45,0,False,False,True,False,False,False,False,True,False,True,False,False,False,False,False,False,True,False,True,False,False
0.0,0.0,1.0,0.0,72.0,1.0,0.0,19.7,1421.9,0,False,False,False,True,True,False,True,False,True,False,True,False,True,False,True,False,False,True,True,False,False
0.0,0.0,1.0,1.0,71.0,1.0,1.0,106.0,7723.7,1,False,True,True,False,False,False,False,True,False,True,False,False,False,True,False,True,False,True,False,False,False
0.0,0.0,1.0,0.0,72.0,0.0,1.0,49.2,3580.95,0,True,False,False,False,False,True,False,True,False,True,False,False,False,False,False,True,False,True,False,True,False
0.0,0.0,1.0,1.0,71.0,1.0,0.0,20.5,1500.95,0,False,False,False,True,True,False,True,False,True,False,True,False,True,False,True,False,False,True,False,False,False
0.0,0.0,1.0,0.0,59.0,1.0,0.0,18.4,1057.85,0,False,False,False,True,True,False,True,False,True,False,True,False,True,False,True,False,False,True,False,False,False
0.0,0.0,1.0,1.0,61.0,0.0,0.0,51.35,3244.4,0,True,False,False,False,False,False,False,True,False,True,False,True,False,True,False,False,False,True,True,False,False
0.0,0.0,1.0,0.0,72.0,1.0,0.0,85.95,6151.9,0,False,True,False,False,False,False,False,True,False,True,False,True,False,True,False,True,False,True,False,False,False
0.0,0.0,0.0,0.0,58.0,1.0,0.0,20.8,1212.25,0,False,False,False,True,True,False,True,False,True,False,True,False,True,False,True,False,False,True,False,False,True
0.0,1.0,1.0,0.0,58.0,0.0,1.0,45.3,2651.2,1,True,False,False,False,False,False,False,True,False,True,False,False,False,False,False,True,False,False,False,True,False
0.0,0.0,0.0,0.0,57.0,1.0,0.0,18.8,1094.35,0,False,False,False,True,True,False,True,False,True,False,True,False,True,False,True,False,False,True,True,False,False
0.0,0.0,0.0,0.0,68.0,1.0,0.0,54.45,3687.75,0,False,True,False,False,False,True,False,False,False,False,False,False,False,False,False,False,False,False,False,False,True
0.0,0.0,1.0,1.0,72.0,1.0,0.0,66.85,4758.8,0,False,True,False,False,False,True,False,False,False,True,False,True,False,False,False,False,False,True,False,False,False
0.0,0.0,1.0,0.0,56.0,1.0,0.0,19.95,1126.75,0,False,False,False,True,True,False,True,False,True,False,True,False,True,False,True,False,True,False,True,False,False
0.0,0.0,1.0,1.0,64.0,0.0,0.0,49.85,3210.35,0,True,False,False,False,False,False,False,True,False,True,False,True,False,False,False,True,False,True,False,True,False
0.0,1.0,1.0,1.0,71.0,1.0,1.0,105.1,7548.1,1,False,True,True,False,False,True,False,True,False,False,False,False,False,True,False,True,False,False,True,False,False
0.0,1.0,0.0,0.0,69.0,1.0,0.0,110.25,7467.55,0,False,True,True,False,False,True,False,False,False,True,False,True,False,True,False,True,False,True,True,False,False
0.0,0.0,1.0,0.0,61.0,1.0,0.0,94.15,5731.85,0,False,False,True,False,False,False,False,True,False,True,False,True,False,False,False,True,False,False,True,False,False
0.0,0.0,1.0,0.0,59.0,0.0,1.0,44.3,2666.75,0,True,False,False,False,False,False,False,False,False,False,False,False,False,True,False,True,False,False,False,True,False
0.0,0.0,1.0,0.0,71.0,1.0,1.0,113.15,7953.25,0,False,True,True,False,False,False,False,True,False,True,False,True,False,True,False,True,True,False,False,False,False
0.0,0.0,1.0,0.0,68.0,1.0,0.0,114.9,7843.55,0,False,True,True,False,False,True,False,True,False,True,False,True,False,True,False,True,False,True,False,False,False
0.0,0.0,1.0,1.0,72.0,0.0,0.0,53.65,3784.0,0,True,False,False,False,False,False,False,True,False,False,False,True,False,True,False,True,False,True,True,False,False
0.0,1.0,1.0,0.0,70.0,1.0,1.0,19.55,1462.05,0,False,False,False,True,True,False,True,False,True,False,True,False,True,False,True,False,False,True,True,False,False
0.0,1.0,0.0,0.0,71.0,1.0,0.0,89.85,6293.45,0,False,True,False,False,False,True,False,True,False,True,False,True,False,True,False,True,False,True,False,False,True
0.0,0.0,1.0,1.0,71.0,1.0,0.0,19.7,1301.1,0,False,False,False,True,True,False,True,False,True,False,True,False,True,False,True,False,False,True,True,False,False
0.0,1.0,1.0,0.0,72.0,1.0,1.0,106.85,7677.4,0,False,True,True,False,False,True,False,True,False,False,False,False,False,True,False,True,True,False,False,False,False
0.0,0.0,1.0,0.0,60.0,0.0,0.0,37.7,2288.7,0,True,False,False,False,False,True,False,True,False,False,False,True,False,False,False,False,False,True,False,False,False
0.0,1.0,1.0,0.0,59.0,1.0,1.0,94.05,5483.9,0,False,True,True,False,False,True,False,True,False,True,False,True,False,False,False,False,True,False,False,True,False
0.0,0.0,1.0,0.0,71.0,1.0,1.0,24.65,1710.15,0,False,True,False,True,True,False,True,False,True,False,True,False,True,False,True,False,False,True,False,False,False
0.0,0.0,1.0,0.0,61.0,1.0,1.0,79.8,4914.8,0,False,True,False,False,False,False,False,True,False,True,False,False,False,True,False,True,True,False,False,True,False
0.0,1.0,1.0,0.0,72.0,1.0,1.0,112.4,8046.85,0,False,True,True,False,False,True,False,True,False,True,False,False,False,True,False,True,False,True,False,True,False
0.0,0.0,1.0,0.0,72.0,1.0,1.0,108.2,7840.6,0,False,True,True,False,False,False,False,True,False,True,False,True,False,True,False,True,False,True,False,True,False
0.0,0.0,1.0,1.0,72.0,1.0,0.0,26.1,1851.45,0,False,True,False,True,True,False,True,False,True,False,True,False,True,False,True,False,False,True,False,False,True
0.0,0.0,1.0,1.0,72.0,1.0,0.0,24.45,1709.1,0,False,True,False,True,True,False,True,False,True,False,True,False,True,False,True,False,False,True,False,False,False
0.0,0.0,1.0,0.0,57.0,1.0,1.0,70.35,4124.65,0,False,False,False,False,False,True,False,True,False,False,False,True,False,True,False,False,False,True,True,False,False
0.0,0.0,1.0,0.0,59.0,1.0,0.0,101.1,6039.9,1,False,True,True,False,False,False,False,True,False,False,False,False,False,True,False,True,False,False,False,True,False
0.0,1.0,0.0,0.0,65.0,0.0,1.0,53.5,3517.9,0,True,False,False,False,False,False,False,True,False,True,False,False,False,True,False,True,False,True,False,False,False
0.0,0.0,1.0,1.0,72.0,0.0,1.0,55.45,4179.2,0,True,False,False,False,False,True,False,True,False,True,False,True,False,False,False,True,False,True,True,False,False
0.0,0.0,1.0,0.0,58.0,1.0,1.0,84.3,4916.4,0,False,True,False,False,False,True,False,False,False,True,False,True,False,True,False,True,False,True,False,True,False
0.0,0.0,1.0,1.0,68.0,1.0,1.0,73.0,5163.0,0,False,True,False,False,False,True,False,True,False,True,False,False,False,True,False,False,True,False,True,False,False
0.0,0.0,1.0,0.0,65.0,1.0,1.0,99.35,6347.55,0,False,True,True,False,False,True,False,True,False,True,False,False,False,True,False,False,False,True,False,True,False
0.0,0.0,1.0,1.0,54.0,0.0,0.0,46.0,2424.05,0,True,False,False,False,False,False,False,False,False,True,False,True,False,False,False,True,False,True,True,False,False
0.0,0.0,1.0,0.0,72.0,1.0,0.0,24.8,1874.3,0,False,True,False,True,True,False,True,False,True,False,True,False,True,False,True,False,False,True,True,False,False
0.0,0.0,1.0,0.0,54.0,1.0,0.0,109.75,6110.2,1,False,False,True,False,False,True,False,True,False,True,False,True,False,True,False,True,False,True,False,False,False
0.0,1.0,1.0,0.0,71.0,0.0,0.0,46.35,3353.4,0,True,False,False,False,False,True,False,True,False,True,False,True,False,False,False,False,False,True,True,False,False
0.0,1.0,1.0,1.0,60.0,1.0,1.0,93.25,5774.55,0,False,True,True,False,False,True,False,True,False,False,False,False,False,False,False,True,False,False,False,True,False
0.0,0.0,1.0,1.0,64.0,0.0,1.0,54.6,3423.5,0,True,False,False,False,False,False,False,True,False,False,False,True,False,True,False,True,False,True,False,True,False
0.0,0.0,1.0,1.0,71.0,1.0,0.0,20.5,1500.95,0,False,False,False,True,True,False,True,False,True,False,True,False,True,False,True,False,False,True,False,False,False
0.0,1.0,1.0,0.0,51.0,0.0,1.0,29.45,1459.35,0,True,False,False,False,False,False,False,True,False,False,False,False,False,False,False,False,False,False,True,False,False
0.0,0.0,0.0,0.0,56.0,1.0,0.0,24.9,1334.0,1,False,True,False,True,True,False,True,False,True,False,True,False,True,False,True,False,True,False,False,True,False
0.0,1.0,0.0,0.0,52.0,0.0,1.0,49.15,2550.9,1,True,False,False,False,False,False,False,True,False,False,False,False,False,True,False,True,False,False,False,True,False
0.0,0.0,1.0,1.0,63.0,1.0,0.0,63.55,4014.2,0,False,False,False,False,False,True,False,True,False,True,False,True,False,False,False,False,False,True,False,False,True
0.0,0.0,1.0,0.0,72.0,1.0,1.0,84.9,6065.3,0,False,True,False,False,False,True,False,False,False,True,False,True,False,True,False,True,False,True,False,False,False
0.0,0.0,1.0,0.0,66.0,1.0,0.0,96.6,6424.25,0,False,True,True,False,False,True,False,True,False,True,False,True,False,False,False,False,False,True,False,False,True
0.0,0.0,1.0,1.0,63.0,1.0,0.0,24.65,1574.5,0,False,True,False,True,True,False,True,False,True,False,True,False,True,False,True,False,False,True,True,False,False
0.0,0.0,0.0,0.0,52.0,1.0,0.0,21.0,1107.2,0,False,False,False,True,True,False,True,False,True,False,True,False,True,False,True,False,False,True,False,False,False
0.0,0.0,1.0,1.0,72.0,1.0,1.0,110.45,8058.85,0,False,True,True,False,False,True,False,False,False,True,False,True,False,True,False,True,False,True,False,False,False
0.0,0.0,0.0,0.0,69.0,0.0,1.0,60.05,4176.7,0,True,False,False,False,False,True,False,True,False,False,False,True,False,True,False,True,False,True,False,False,False
0.0,0.0,1.0,0.0,72.0,1.0,0.0,85.95,6151.9,0,False,True,False,False,False,False,False,True,False,True,False,True,False,True,False,True,False,True,False,False,False
0.0,0.0,0.0,0.0,66.0,0.0,1.0,61.35,4193.4,0,True,False,False,False,False,True,False,False,False,True,False,True,False,True,False,True,False,True,False,False,False
0.0,0.0,1.0,0.0,71.0,1.0,0.0,84.2,5956.85,0,False,True,False,False,False,False,False,True,False,True,False,True,False,True,False,True,False,True,True,False,False
0.0,0.0,1.0,0.0,57.0,1.0,1.0,103.05,5925.75,0,False,True,True,False,False,True,False,True,False,True,False,True,False,True,False,False,False,False,False,True,False
0.0,1.0,0.0,0.0,66.0,1.0,1.0,102.4,6471.85,0,False,True,True,False,False,True,False,False,False,False,False,False,False,True,False,True,False,True,False,False,False
0.0,0.0,1.0,1.0,71.0,0.0,0.0,59.7,4122.65,0,True,False,False,False,False,True,False,True,False,False,False,True,False,True,False,True,False,True,False,False,False
0.0,0.0,1.0,0.0,68.0,1.0,0.0,58.25,3975.7,0,False,True,False,False,False,True,False,False,False,False,False,True,False,False,False,False,True,False,False,False,False
0.0,0.0,0.0,0.0,69.0,1.0,1.0,104.05,7262.0,1,False,False,True,False,False,False,False,True,False,True,False,True,False,True,False,True,True,False,False,False,False
0.0,0.0,1.0,0.0,71.0,1.0,1.0,109.6,7854.15,0,False,True,True,False,False,True,False,True,False,True,False,False,False,True,False,True,True,False,False,True,False
0.0,0.0,1.0,0.0,71.0,1.0,1.0,24.65,1710.15,0,False,True,False,True,True,False,True,False,True,False,True,False,True,False,True,False,False,True,False,False,False
0.0,0.0,0.0,0.0,64.0,1.0,0.0,81.25,5567.55,0,False,True,False,False,False,True,False,True,False,True,False,True,False,True,False,False,True,False,False,True,False
0.0,0.0,0.0,0.0,70.0,0.0,1.0,44.6,3058.15,0,True,False,False,False,False,True,False,True,False,True,False,True,False,False,False,False,False,True,False,False,False
0.0,0.0,1.0,0.0,62.0,1.0,1.0,84.95,5150.55,0,False,True,False,False,False,True,False,True,False,False,False,True,False,True,False,True,False,True,False,True,False
0.0,0.0,1.0,1.0,72.0,1.0,1.0,93.25,6688.95,0,False,True,False,False,False,True,False,True,False,True,False,True,False,True,False,True,False,True,False,False,False
0.0,0.0,0.0,0.0,63.0,1.0,0.0,105.4,6713.2,0,False,True,True,False,False,False,False,True,False,False,False,True,False,True,False,True,False,False,False,True,False
0.0,0.0,1.0,1.0,68.0,1.0,1.0,103.25,7074.4,0,False,False,True,False,False,True,False,True,False,True,False,False,False,True,False,True,False,True,True,False,False
0.0,0.0,1.0,0.0,63.0,1.0,1.0,81.2,4965.1,0,False,True,True,False,False,False,False,False,False,False,False,True,False,False,False,False,True,False,True,False,False
0.0,0.0,0.0,0.0,60.0,0.0,1.0,50.8,3027.4,1,True,False,False,False,False,False,False,True,False,False,False,False,False,True,False,True,False,False,False,True,False
0.0,0.0,1.0,0.0,71.0,1.0,1.0,113.15,7953.25,0,False,True,True,False,False,False,False,True,False,True,False,True,False,True,False,True,True,False,False,False,False
0.0,0.0,1.0,1.0,72.0,0.0,0.0,53.65,3784.0,0,True,False,False,False,False,False,False,True,False,False,False,True,False,True,False,True,False,True,True,False,False
0.0,0.0,1.0,0.0,71.0,1.0,1.0,84.8,6046.1,0,False,False,False,False,False,True,False,True,False,True,False,True,False,True,False,True,True,False,False,False,False
0.0,1.0,1.0,0.0,72.0,1.0,1.0,109.75,7932.5,0,False,True,True,False,False,False,False,True,False,True,False,True,False,True,False,True,False,True,False,False,False
0.0,0.0,1.0,1.0,72.0,1.0,1.0,23.3,1623.15,0,False,True,False,True,True,False,True,False,True,False,True,False,True,False,True,False,True,False,False,False,False
0.0,0.0,0.0,0.0,68.0,1.0,0.0,54.45,3687.75,0,False,True,False,False,False,True,False,False,False,False,False,False,False,False,False,False,False,False,False,False,True
0.0,0.0,0.0,0.0,66.0,1.0,1.0,92.15,6056.9,0,False,True,True,False,False,False,False,False,False,True,False,False,False,True,False,False,True,False,False,False,False
0.0,0.0,1.0,1.0,66.0,1.0,1.0,84.0,5714.25,0,False,True,False,False,False,True,False,False,False,True,False,True,False,True,False,True,False,True,False,False,True
0.0,0.0,1.0,1.0,57.0,1.0,1.0,20.1,1087.7,0,False,False,False,True,True,False,True,False,True,False,True,False,True,False,True,False,False,True,False,False,False
0.0,0.0,1.0,0.0,60.0,1.0,0.0,101.15,6067.4,0,False,True,True,False,False,False,False,False,False,True,False,False,False,True,False,True,False,True,True,False,False
0.0,0.0,1.0,0.0,72.0,1.0,0.0,19.7,1421.9,0,False,False,False,True,True,False,True,False,True,False,True,False,True,False,True,False,False,True,True,False,False
0.0,1.0,1.0,0.0,64.0,1.0,0.0,102.1,6538.45,0,False,True,True,False,False,False,False,False,False,True,False,True,False,True,False,True,False,True,False,True,False
0.0,0.0,0.0,0.0,63.0,1.0,0.0,99.9,6137.0,1,False,True,True,False,False,False,False,True,False,False,False,False,False,True,False,True,True,False,False,False,False
0.0,0.0,1.0,1.0,58.0,0.0,0.0,59.75,3624.35,0,True,False,False,False,False,True,False,False,False,True,False,True,False,True,False,True,False,True,False,False,True
0.0,0.0,1.0,0.0,71.0,1.0,0.0,19.1,1372.45,0,False,False,False,True,True,False,True,False,True,False,True,False,True,False,True,False,False,True,True,False,False
0.0,0.0,1.0,0.0,72.0,1.0,0.0,25.0,1849.2,0,False,True,False,True,True,False,True,False,True,False,True,False,True,False,True,False,False,True,True,False,False
0.0,0.0,1.0,0.0,70.0,0.0,1.0,51.05,3635.15,0,True,False,False,False,False,False,False,True,False,True,False,True,False,False,False,True,True,False,False,False,False
0.0,0.0,1.0,1.0,72.0,1.0,0.0,64.45,4720.0,0,False,True,False,False,False,True,False,True,False,True,False,False,False,False,False,False,False,True,True,False,False
0.0,1.0,1.0,0.0,72.0,1.0,0.0,77.35,5396.25,0,False,True,False,False,False,False,False,True,False,True,False,True,False,True,False,False,False,True,True,False,False
0.0,1.0,1.0,0.0,72.0,1.0,1.0,84.8,6141.65,0,False,False,True,False,False,True,False,True,False,False,False,True,False,False,False,False,False,True,True,False,False
0.0,0.0,1.0,0.0,63.0,1.0,0.0,80.0,5040.2,0,False,True,False,False,False,True,False,True,False,True,False,True,False,False,False,True,True,False,True,False,False
0.0,1.0,0.0,0.0,57.0,1.0,1.0,53.5,3035.8,0,False,False,False,False,False,False,False,False,False,True,False,True,False,False,False,False,True,False,False,True,False
0.0,1.0,1.0,0.0,72.0,1.0,1.0,106.85,7677.4,0,False,True,True,False,False,True,False,True,False,False,False,False,False,True,False,True,True,False,False,False,False
0.0,0.0,1.0,1.0,72.0,1.0,0.0,25.55,1867.7,0,False,True,False,True,True,False,True,False,True,False,True,False,True,False,True,False,False,True,True,False,False
0.0,1.0,1.0,0.0,53.0,1.0,1.0,95.85,5016.25,0,False,True,True,False,False,False,False,False,False,False,False,False,False,True,False,True,True,False,True,False,False
0.0,1.0,1.0,0.0,64.0,1.0,0.0,97.0,6430.9,0,False,False,True,False,False,True,False,True,False,True,False,False,False,False,False,True,True,False,False,False,False
0.0,0.0,1.0,1.0,72.0,1.0,0.0,25.1,1857.85,0,False,True,False,True,True,False,True,False,True,False,True,False,True,False,True,False,False,True,False,False,False
0.0,0.0,0.0,0.0,67.0,1.0,0.0,116.2,7752.3,1,False,True,True,False,False,True,False,True,False,True,False,True,False,True,False,True,False,True,True,False,False
0.0,1.0,1.0,0.0,69.0,0.0,1.0,29.8,2134.3,0,True,False,False,False,False,False,False,False,False,True,False,False,False,False,False,False,True,False,True,False,False
0.0,0.0,0.0,0.0,60.0,1.0,1.0,99.65,5941.05,0,False,False,True,False,False,False,False,True,False,True,False,False,False,True,False,True,False,True,False,True,False
0.0,0.0,1.0,1.0,59.0,1.0,1.0,106.15,6256.2,0,False,True,True,False,False,False,False,True,False,True,False,False,False,True,False,True,True,False,False,True,False
0.0,0.0,0.0,0.0,67.0,0.0,0.0,43.9,3097.2,0,True,False,False,False,False,True,False,False,False,False,False,True,False,True,False,False,False,True,False,True,False
0.0,0.0,1.0,1.0,52.0,1.0,1.0,20.4,1090.65,0,False,False,False,True,True,False,True,False,True,False,True,False,True,False,True,False,True,False,False,True,False
0.0,0.0,1.0,1.0,60.0,1.0,0.0,20.55,1205.05,0,False,False,False,True,True,False,True,False,True,False,True,False,True,False,True,False,False,True,False,False,True
0.0,0.0,1.0,1.0,57.0,1.0,0.0,19.75,1272.05,0,False,False,False,True,True,False,True,False,True,False,True,False,True,False,True,False,False,True,False,False,False
0.0,0.0,1.0,1.0,60.0,0.0,0.0,59.85,3590.2,0,True,False,False,False,False,True,False,False,False,True,False,True,False,True,False,True,False,True,True,False,False
0.0,1.0,1.0,0.0,70.0,1.0,1.0,19.55,1462.05,0,False,False,False,True,True,False,True,False,True,False,True,False,True,False,True,False,False,True,True,False,False
0.0,1.0,1.0,0.0,67.0,1.0,1.0,105.6,7112.15,0,False,True,True,False,False,True,False,True,False,False,False,False,False,True,False,True,True,False,False,True,False
0.0,0.0,1.0,0.0,52.0,1.0,1.0,81.4,4354.45,0,False,True,False,False,False,True,False,True,False,True,False,True,False,False,False,True,True,False,True,False,False
0.0,0.0,1.0,1.0,58.0,1.0,0.0,75.8,4415.75,0,False,True,False,False,False,True,False,False,False,True,False,True,False,True,False,False,False,True,False,False,True
0.0,0.0,0.0,0.0,68.0,1.0,0.0,54.45,3687.75,0,False,True,False,False,False,True,False,False,False,False,False,False,False,False,False,False,False,False,False,False,True
0.0,0.0,1.0,0.0,70.0,1.0,1.0,99.35,6944.5,0,False,True,True,False,False,True,False,True,False,True,False,False,False,True,False,False,False,True,True,False,False
0.0,1.0,1.0,0.0,69.0,0.0,1.0,29.8,2134.3,0,True,False,False,False,False,False,False,False,False,True,False,False,False,False,False,False,True,False,True,False,False
0.0,0.0,1.0,1.0,51.0,1.0,1.0,93.8,4539.35,0,False,True,True,False,False,True,False,True,False,False,False,False,False,False,False,True,False,False,False,True,False
0.0,1.0,0.0,0.0,55.0,1.0,1.0,116.5,6382.55,0,False,True,True,False,False,True,False,True,False,True,False,True,False,True,False,True,False,False,False,True,False
0.0,1.0,1.0,0.0,72.0,1.0,1.0,106.85,7677.4,0,False,True,True,False,False,True,False,True,False,False,False,False,False,True,False,True,True,False,False,False,False
0.0,1.0,0.0,0.0,71.0,1.0,1.0,99.65,6951.15,0,False,True,True,False,False,False,False,True,False,False,False,False,False,True,False,True,False,False,True,False,False
0.0,1.0,1.0,0.0,63.0,1.0,0.0,108.5,6991.9,0,False,True,True,False,False,True,False,True,False,True,False,False,False,True,False,True,False,True,True,False,False
0.0,0.0,1.0,1.0,51.0,1.0,0.0,60.5,3121.45,0,False,False,False,False,False,True,False,True,False,False,False,True,False,False,False,False,False,True,True,False,False
0.0,0.0,1.0,0.0,72.0,1.0,0.0,100.65,7334.05,0,False,True,True,False,False,True,False,True,False,True,False,False,False,True,False,False,False,True,False,False,False
0.0,1.0,0.0,0.0,72.0,1.0,1.0,110.1,7746.7,0,False,True,True,False,False,True,False,True,False,False,False,True,False,True,False,True,False,True,False,False,False
0.0,0.0,0.0,0.0,66.0,0.0,1.0,61.35,4193.4,0,True,False,False,False,False,True,False,False,False,True,False,True,False,True,False,True,False,True,False,False,False
0.0,0.0,1.0,1.0,57.0,1.0,1.0,20.1,1087.7,0,False,False,False,True,True,False,True,False,True,False,True,False,True,False,True,False,False,True,False,False,False
0.0,0.0,0.0,0.0,62.0,1.0,1.0,92.3,5731.45,0,False,True,True,False,False,True,False,True,False,False,False,False,False,False,False,True,True,False,False,False,False
0.0,1.0,1.0,0.0,54.0,1.0,1.0,99.1,5437.1,0,False,False,True,False,False,False,False,False,False,True,False,True,False,True,False,True,True,False,False,True,False
0.0,1.0,1.0,0.0,69.0,0.0,1.0,29.8,2134.3,0,True,False,False,False,False,False,False,False,False,True,False,False,False,False,False,False,True,False,True,False,False
0.0,1.0,1.0,0.0,61.0,1.0,1.0,82.15,4904.85,0,False,True,True,False,False,False,False,True,False,False,False,False,False,False,False,False,False,False,False,True,False
0.0,0.0,0.0,0.0,65.0,1.0,0.0,25.75,1654.75,0,False,True,False,True,True,False,True,False,True,False,True,False,True,False,True,False,False,True,False,False,True
0.0,0.0,1.0,0.0,61.0,1.0,0.0,24.4,1417.9,0,False,True,False,True,True,False,True,False,True,False,True,False,True,False,True,False,False,True,False,False,True
0.0,0.0,1.0,1.0,72.0,1.0,0.0,82.3,5815.15,0,False,True,False,False,False,True,False,True,False,True,False,True,False,True,False,False,False,True,False,False,False
0.0,1.0,1.0,0.0,72.0,1.0,0.0,84.45,5899.85,0,False,True,False,False,False,True,False,True,False,True,False,False,False,True,False,True,False,True,True,False,False
0.0,0.0,0.0,0.0,71.0,1.0,0.0,80.6,5708.2,0,False,True,False,False,False,True,False,True,False,True,False,True,False,False,False,True,False,True,False,False,False
0.0,0.0,1.0,0.0,51.0,1.0,1.0,60.5,3145.15,0,False,False,False,False,False,True,False,True,False,False,False,True,False,False,False,False,True,False,False,False,False
0.0,0.0,0.0,0.0,57.0,0.0,1.0,41.1,2258.25,0,True,False,False,False,False,True,False,False,False,True,False,True,False,False,False,False,True,False,True,False,False
0.0,0.0,1.0,1.0,72.0,0.0,0.0,65.7,4575.35,0,True,False,False,False,False,True,False,True,False,True,False,True,False,True,False,True,False,True,False,False,False
0.0,0.0,1.0,1.0,63.0,1.0,0.0,83.5,5435.0,0,False,True,False,False,False,True,False,True,False,True,False,False,False,True,False,True,False,True,True,False,False
0.0,0.0,1.0,0.0,50.0,1.0,1.0,98.25,4858.7,0,False,True,True,False,False,False,False,True,False,False,False,False,False,True,False,True,True,False,False,True,False
0.0,0.0,1.0,0.0,58.0,1.0,0.0,20.75,1185.95,0,False,False,False,True,True,False,True,False,True,False,True,False,True,False,True,False,False,True,False,False,True
0.0,0.0,1.0,0.0,72.0,1.0,0.0,19.7,1421.9,0,False,False,False,True,True,False,True,False,True,False,True,False,True,False,True,False,False,True,True,False,False
0.0,0.0,1.0,1.0,72.0,1.0,1.0,104.9,7732.65,0,False,True,True,False,False,True,False,True,False,True,False,True,False,False,False,True,False,True,True,False,False
0.0,0.0,1.0,1.0,72.0,1.0,1.0,74.35,5237.4,0,False,False,False,False,False,True,False,True,False,True,False,True,False,False,False,True,False,True,False,True,False
0.0,0.0,1.0,1.0,72.0,1.0,1.0,78.95,5730.15,0,False,True,False,False,False,False,False,True,False,False,False,True,False,True,False,True,False,True,False,True,False
0.0,0.0,1.0,0.0,60.0,1.0,1.0,20.5,1198.8,0,False,False,False,True,True,False,True,False,True,False,True,False,True,False,True,False,False,True,False,False,False
0.0,0.0,1.0,0.0,71.0,1.0,0.0,109.25,7707.7,0,False,True,True,False,False,False,False,True,False,True,False,True,False,True,False,True,False,True,False,True,False
0.0,0.0,1.0,1.0,61.0,1.0,0.0,19.75,1311.6,0,False,False,False,True,True,False,True,False,True,False,True,False,True,False,True,False,False,True,True,False,False
0.0,0.0,0.0,1.0,62.0,1.0,1.0,100.15,6413.65,1,False,True,True,False,False,False,False,False,False,True,False,False,False,True,False,True,True,False,False,True,False
0.0,0.0,1.0,0.0,61.0,1.0,0.0,75.35,4729.3,0,False,True,False,False,False,True,False,False,False,True,False,True,False,False,False,True,False,True,True,False,False
0.0,0.0,0.0,0.0,67.0,1.0,1.0,88.8,5903.15,0,False,True,False,False,False,True,False,True,False,True,False,True,False,True,False,True,True,False,False,False,False
0.0,0.0,1.0,0.0,51.0,1.0,1.0,83.85,4307.1,0,False,False,False,False,False,True,False,True,False,True,False,True,False,True,False,True,False,True,True,False,False
0.0,0.0,0.0,0.0,64.0,1.0,1.0,110.5,7069.25,0,False,True,True,False,False,False,False,True,False,True,False,True,False,True,False,True,False,True,True,False,False
0.0,0.0,0.0,0.0,72.0,1.0,1.0,88.6,6201.95,0,False,True,False,False,False,False,False,True,False,True,False,True,False,True,False,True,False,True,False,False,False
0.0,0.0,0.0,0.0,57.0,1.0,0.0,20.65,1125.6,0,False,False,False,True,True,False,True,False,True,False,True,False,True,False,True,False,False,True,False,False,False
0.0,1.0,0.0,0.0,71.0,1.0,1.0,99.65,6951.15,0,False,True,True,False,False,False,False,True,False,False,False,False,False,True,False,True,False,False,True,False,False
0.0,0.0,1.0,1.0,60.0,1.0,1.0,103.75,5969.95,0,False,True,True,False,False,False,False,True,False,False,False,True,False,True,False,True,False,False,False,False,False
0.0,0.0,1.0,0.0,70.0,1.0,0.0,19.45,1303.5,0,False,False,False,True,True,False,True,False,True,False,True,False,True,False,True,False,False,True,False,False,False
0.0,0.0,0.0,0.0,66.0,1.0,1.0,54.8,3465.7,0,False,False,False,False,False,True,False,True,False,False,False,False,False,False,False,False,True,False,False,False,True
0.0,0.0,1.0,1.0,61.0,0.0,1.0,50.7,3088.75,0,True,False,False,False,False,True,False,True,False,False,False,True,False,False,False,True,True,False,False,False,False
0.0,0.0,1.0,1.0,72.0,1.0,1.0,104.9,7559.55,0,False,False,True,False,False,True,False,False,False,True,False,True,False,True,False,True,False,True,True,False,False
0.0,1.0,1.0,0.0,67.0,1.0,1.0,107.05,7142.5,0,False,True,True,False,False,True,False,False,False,True,False,False,False,True,False,True,True,False,True,False,False
0.0,1.0,1.0,0.0,72.0,1.0,1.0,84.8,6141.65,0,False,False,True,False,False,True,False,True,False,False,False,True,False,False,False,False,False,True,True,False,False
0.0,0.0,0.0,0.0,56.0,1.0,1.0,73.85,4092.85,1,False,False,True,False,False,False,False,True,False,False,False,False,False,False,False,False,False,False,False,True,False
0.0,0.0,1.0,0.0,63.0,1.0,1.0,81.2,4965.1,0,False,True,True,False,False,False,False,False,False,False,False,True,False,False,False,False,True,False,True,False,False
0.0,0.0,0.0,1.0,72.0,1.0,1.0,19.75,1567.0,0,False,False,False,True,True,False,True,False,True,False,True,False,True,False,True,False,False,True,False,False,True
0.0,0.0,1.0,0.0,59.0,1.0,1.0,94.75,5597.65,0,False,True,True,False,False,True,False,True,False,False,False,False,False,True,False,False,False,False,False,True,False
0.0,0.0,1.0,0.0,71.0,1.0,0.0,65.15,4681.75,0,False,True,False,False,False,True,False,True,False,False,False,True,False,False,False,False,False,True,False,False,False
0.0,0.0,1.0,1.0,59.0,1.0,1.0,86.75,5186.0,0,False,False,False,False,False,True,False,True,False,True,False,True,False,True,False,True,False,True,False,True,False
0.0,0.0,0.0,0.0,64.0,1.0,1.0,100.05,6254.2,1,False,True,True,False,False,False,False,False,False,True,False,False,False,True,False,True,True,False,True,False,False
0.0,0.0,1.0,1.0,65.0,1.0,1.0,110.8,7245.9,0,False,True,True,False,False,False,False,True,False,True,False,True,False,True,False,True,False,True,True,False,False
0.0,0.0,1.0,0.0,60.0,1.0,1.0,61.35,3766.2,0,False,False,False,False,False,True,False,True,False,False,False,True,False,False,False,False,False,True,False,False,True
0.0,0.0,1.0,1.0,72.0,1.0,1.0,83.3,6042.7,0,False,True,False,False,False,True,False,False,False,True,False,True,False,True,False,True,False,True,False,False,False
0.0,0.0,0.0,0.0,66.0,1.0,1.0,54.8,3465.7,0,False,False,False,False,False,True,False,True,False,False,False,False,False,False,False,False,True,False,False,False,True
0.0,1.0,1.0,1.0,65.0,1.0,1.0,107.45,7047.5,0,False,True,True,False,False,False,False,True,False,True,False,False,False,True,False,True,True,False,False,True,False
0.0,0.0,1.0,1.0,51.0,0.0,0.0,59.3,3014.65,1,True,False,False,False,False,True,False,True,False,True,False,False,False,True,False,True,True,False,False,True,False
0.0,0.0,1.0,0.0,63.0,1.0,1.0,107.5,6873.75,1,False,True,True,False,False,False,False,True,False,True,False,False,False,True,False,True,True,False,False,True,False
0.0,0.0,1.0,0.0,71.0,1.0,0.0,109.25,7707.7,0,False,True,True,False,False,False,False,True,False,True,False,True,False,True,False,True,False,True,False,True,False
0.0,0.0,1.0,1.0,55.0,1.0,0.0,20.0,1087.25,0,False,False,False,True,True,False,True,False,True,False,True,False,True,False,True,False,False,False,True,False,False
0.0,1.0,0.0,0.0,54.0,1.0,1.0,90.05,4931.8,0,False,True,True,False,False,False,False,True,False,False,False,False,False,False,False,True,False,False,False,True,False
0.0,0.0,1.0,1.0,59.0,0.0,0.0,34.8,1980.3,0,True,False,False,False,False,True,False,False,False,True,False,False,False,False,False,False,True,False,False,False,True
0.0,0.0,1.0,1.0,58.0,0.0,0.0,59.75,3624.35,0,True,False,False,False,False,True,False,False,False,True,False,True,False,True,False,True,False,True,False,False,True
0.0,1.0,1.0,0.0,64.0,1.0,1.0,94.25,6081.4,0,False,True,True,False,False,False,False,True,False,True,False,False,False,False,False,True,False,False,False,True,False
0.0,0.0,1.0,0.0,70.0,1.0,0.0,19.85,1328.35,0,False,False,False,True,True,False,True,False,True,False,True,False,True,False,True,False,False,True,True,False,False
0.0,0.0,0.0,1.0,60.0,1.0,0.0,19.95,1189.9,0,False,False,False,True,True,False,True,False,True,False,True,False,True,False,True,False,False,True,False,False,True
0.0,0.0,1.0,1.0,65.0,1.0,0.0,72.45,4653.85,1,False,True,False,False,False,True,False,True,False,True,False,False,False,False,False,True,True,False,True,False,False
0.0,1.0,1.0,0.0,58.0,0.0,1.0,45.3,2651.2,1,True,False,False,False,False,False,False,True,False,True,False,False,False,False,False,True,False,False,False,True,False
0.0,1.0,1.0,0.0,71.0,0.0,1.0,52.3,3765.05,0,True,False,False,False,False,False,False,True,False,True,False,False,False,True,False,True,False,False,False,False,False
0.0,0.0,1.0,0.0,59.0,1.0,0.0,66.4,3958.2,0,False,False,False,False,False,True,False,True,False,True,False,False,False,True,False,False,True,False,True,False,False
0.0,0.0,0.0,0.0,69.0,1.0,0.0,90.65,6322.1,0,False,True,False,False,False,True,False,True,False,True,False,True,False,True,False,True,False,True,False,False,True
0.0,0.0,1.0,1.0,64.0,0.0,1.0,54.6,3423.5,0,True,False,False,False,False,False,False,True,False,False,False,True,False,True,False,True,False,True,False,True,False
0.0,0.0,1.0,1.0,72.0,1.0,0.0,21.0,1493.75,0,False,False,False,True,True,False,True,False,True,False,True,False,True,False,True,False,False,True,False,False,False
0.0,0.0,1.0,1.0,72.0,1.0,1.0,26.25,1988.05,0,False,True,False,True,True,False,True,False,True,False,True,False,True,False,True,False,False,True,False,False,False
0.0,1.0,1.0,0.0,65.0,1.0,1.0,70.95,4555.2,0,False,False,True,False,False,False,False,False,False,False,False,False,False,False,False,False,True,False,False,False,False
0.0,1.0,0.0,0.0,54.0,1.0,1.0,90.05,4931.8,0,False,True,True,False,False,False,False,True,False,False,False,False,False,False,False,True,False,False,False,True,False
0.0,0.0,0.0,0.0,67.0,1.0,1.0,72.35,4991.5,0,False,False,False,False,False,True,False,False,False,True,False,True,False,False,False,True,True,False,False,False,False
0.0,1.0,1.0,0.0,64.0,1.0,0.0,97.0,6430.9,0,False,False,True,False,False,True,False,True,False,True,False,False,False,False,False,True,True,False,False,False,False
0.0,0.0,1.0,1.0,57.0,1.0,1.0,20.1,1087.7,0,False,False,False,True,True,False,True,False,True,False,True,False,True,False,True,False,False,True,False,False,False
0.0,0.0,0.0,0.0,53.0,1.0,1.0,80.6,4348.1,0,False,False,True,False,False,False,False,True,False,False,False,True,False,False,False,False,False,False,False,False,True
0.0,0.0,1.0,1.0,53.0,1.0,1.0,78.75,3942.45,0,False,True,False,False,False,False,False,False,False,True,False,True,False,True,False,True,True,False,False,False,True
0.0,0.0,1.0,1.0,72.0,1.0,1.0,116.8,8456.75,0,False,True,True,False,False,True,False,True,False,True,False,True,False,True,False,True,False,True,True,False,False
0.0,1.0,0.0,0.0,72.0,1.0,0.0,25.4,1809.35,0,False,True,False,True,True,False,True,False,True,False,True,False,True,False,True,False,False,True,False,False,False
0.0,0.0,1.0,0.0,51.0,1.0,0.0,69.15,3649.6,0,False,False,True,False,False,False,False,False,False,False,False,False,False,False,False,False,False,False,False,False,True
0.0,1.0,1.0,1.0,72.0,1.0,1.0,89.55,6448.85,0,False,True,False,False,False,True,False,True,False,True,False,True,False,True,False,True,False,True,True,False,False
0.0,0.0,0.0,1.0,66.0,1.0,1.0,90.95,5930.05,0,False,True,True,False,False,True,False,False,False,True,False,True,False,False,False,False,False,True,True,False,False
0.0,0.0,1.0,0.0,71.0,1.0,1.0,105.25,7291.75,0,False,False,True,False,False,False,False,True,False,True,False,True,False,True,False,True,False,True,False,True,False
0.0,0.0,0.0,1.0,66.0,1.0,0.0,19.95,1269.1,0,False,False,False,True,True,False,True,False,True,False,True,False,True,False,True,False,False,True,True,False,False
0.0,0.0,0.0,0.0,58.0,1.0,1.0,107.75,6332.75,0,False,True,True,False,False,True,False,True,False,True,False,False,False,True,False,True,True,False,False,True,False
0.0,1.0,1.0,0.0,65.0,1.0,0.0,94.4,6126.15,0,False,False,True,False,False,True,False,True,False,True,False,False,False,False,False,True,False,False,False,True,False
0.0,0.0,1.0,1.0,59.0,1.0,1.0,76.45,4519.5,0,False,True,False,False,False,True,False,False,False,True,False,True,False,True,False,False,False,True,False,False,True
0.0,0.0,1.0,1.0,72.0,1.0,1.0,91.95,6614.9,0,False,True,False,False,False,True,False,True,False,True,False,True,False,True,False,True,False,True,True,False,False
0.0,0.0,0.0,0.0,51.0,1.0,0.0,19.1,1007.8,0,False,False,False,True,True,False,True,False,True,False,True,False,True,False,True,False,True,False,False,True,False
0.0,0.0,1.0,1.0,69.0,1.0,1.0,95.2,6671.7,0,False,False,True,False,False,False,False,False,False,False,False,True,False,True,False,True,False,True,True,False,False
0.0,0.0,1.0,0.0,70.0,1.0,0.0,64.95,4523.25,0,False,False,False,False,False,True,False,True,False,True,False,True,False,False,False,False,False,True,True,False,False
0.0,0.0,0.0,0.0,62.0,1.0,1.0,92.05,5755.8,0,False,True,True,False,False,True,False,True,False,True,False,False,False,False,False,False,True,False,False,True,False
0.0,0.0,1.0,0.0,64.0,1.0,1.0,85.0,5484.4,0,False,True,False,False,False,True,False,False,False,True,False,True,False,True,False,True,False,True,True,False,False
0.0,0.0,0.0,0.0,53.0,1.0,0.0,19.85,1049.6,0,False,False,False,True,True,False,True,False,True,False,True,False,True,False,True,False,False,True,True,False,False
0.0,0.0,1.0,0.0,60.0,0.0,1.0,60.2,3582.4,0,True,False,False,False,False,False,False,True,False,True,False,True,False,True,False,True,False,False,False,False,False
0.0,0.0,0.0,0.0,51.0,1.0,0.0,87.55,4475.9,0,False,False,True,False,False,False,False,False,False,False,False,False,False,True,False,True,True,False,True,False,False
0.0,0.0,0.0,0.0,68.0,1.0,0.0,79.6,5461.45,0,False,False,True,False,False,False,False,True,False,True,False,False,False,False,False,False,True,False,True,False,False
0.0,1.0,1.0,0.0,59.0,0.0,1.0,64.05,3886.85,0,True,False,False,False,False,True,False,False,False,True,False,True,False,True,False,True,False,True,True,False,False
0.0,0.0,1.0,1.0,60.0,1.0,0.0,115.25,6758.45,0,False,True,True,False,False,True,False,True,False,True,False,True,False,True,False,True,False,True,True,False,False
0.0,0.0,1.0,1.0,72.0,1.0,0.0,20.35,1354.4,0,False,False,False,True,True,False,True,False,True,False,True,False,True,False,True,False,False,True,False,True,False
0.0,0.0,0.0,0.0,61.0,0.0,0.0,43.7,2696.55,0,True,False,False,False,False,True,False,True,False,True,False,True,False,False,False,False,True,False,True,False,False
0.0,0.0,1.0,0.0,60.0,1.0,1.0,20.5,1198.8,0,False,False,False,True,True,False,True,False,True,False,True,False,True,False,True,False,False,True,False,False,False
0.0,0.0,0.0,0.0,67.0,1.0,0.0,60.5,3870.0,0,False,False,False,False,False,True,False,True,False,False,False,True,False,False,False,False,True,False,True,False,False
0.0,0.0,0.0,0.0,52.0,1.0,1.0,89.45,4577.75,0,False,True,True,False,False,False,False,False,False,True,False,False,False,False,False,True,False,True,True,False,False
0.0,1.0,1.0,0.0,58.0,1.0,1.0,98.7,5812.6,1,False,True,True,False,False,False,False,False,False,True,False,False,False,True,False,True,False,False,False,True,False
0.0,0.0,1.0,1.0,70.0,1.0,1.0,85.95,5931.75,0,False,True,False,False,False,False,False,True,False,True,False,True,False,True,False,True,False,True,True,False,False
0.0,0.0,1.0,0.0,68.0,1.0,1.0,91.7,6424.7,0,False,True,False,False,False,True,False,True,False,True,False,True,False,True,False,True,False,True,False,True,False
0.0,0.0,1.0,0.0,72.0,1.0,0.0,79.55,5810.9,0,False,True,False,False,False,True,False,True,False,True,False,True,False,False,False,True,False,True,True,False,False
0.0,0.0,1.0,0.0,72.0,1.0,0.0,25.85,1872.2,0,False,True,False,True,True,False,True,False,True,False,True,False,True,False,True,False,False,True,True,False,False
0.0,0.0,0.0,0.0,64.0,1.0,1.0,110.5,7069.25,0,False,True,True,False,False,False,False,True,False,True,False,True,False,True,False,True,False,True,True,False,False
0.0,0.0,1.0,0.0,72.0,1.0,1.0,108.5,8003.8,0,False,True,True,False,False,False,False,True,False,True,False,True,False,True,False,True,True,False,False,False,False
0.0,0.0,1.0,1.0,71.0,1.0,0.0,89.9,6457.15,0,False,True,False,False,False,True,False,True,False,True,False,True,False,True,False,True,False,True,True,False,False
0.0,0.0,1.0,1.0,58.0,1.0,0.0,20.5,1191.4,0,False,False,False,True,True,False,True,False,True,False,True,False,True,False,True,False,False,True,True,False,False
0.0,0.0,1.0,0.0,72.0,0.0,1.0,64.7,4746.05,0,True,False,False,False,False,True,False,True,False,True,False,True,False,True,False,True,False,True,False,True,False
0.0,0.0,1.0,1.0,64.0,1.0,0.0,69.25,4447.75,0,False,False,False,False,False,True,False,False,False,True,False,True,False,True,False,False,False,True,False,False,True
0.0,0.0,0.0,0.0,70.0,1.0,0.0,26.05,1856.4,0,False,True,False,True,True,False,True,False,True,False,True,False,True,False,True,False,True,False,True,False,False
0.0,0.0,1.0,0.0,67.0,1.0,1.0,105.7,6816.95,0,False,True,True,False,False,False,False,True,False,True,False,False,False,True,False,True,True,False,False,False,False
0.0,1.0,1.0,0.0,72.0,1.0,0.0,98.35,6929.4,0,False,True,True,False,False,False,False,True,False,False,False,False,False,True,False,True,False,True,False,False,False
0.0,0.0,1.0,1.0,55.0,1.0,1.0,90.4,5099.15,0,False,True,True,False,False,False,False,False,False,True,False,False,False,True,False,False,False,False,True,False,False
0.0,0.0,1.0,1.0,72.0,1.0,0.0,25.1,1857.85,0,False,True,False,True,True,False,True,False,True,False,True,False,True,False,True,False,False,True,False,False,False
0.0,0.0,1.0,1.0,55.0,1.0,0.0,20.3,1079.05,0,False,False,False,True,True,False,True,False,True,False,True,False,True,False,True,False,False,True,False,False,True
0.0,0.0,1.0,0.0,57.0,0.0,1.0,58.75,3437.45,0,True,False,False,False,False,True,False,True,False,True,False,False,False,True,False,True,False,False,False,False,False
0.0,0.0,1.0,1.0,57.0,1.0,1.0,59.3,3274.35,0,False,False,False,False,False,True,False,False,False,True,False,True,False,False,False,False,True,False,False,False,True
0.0,0.0,1.0,0.0,55.0,1.0,1.0,77.75,4266.4,0,False,True,True,False,False,False,False,True,False,False,False,False,False,False,False,False,False,False,True,False,False
0.0,1.0,1.0,0.0,71.0,0.0,0.0,46.35,3353.4,0,True,False,False,False,False,True,False,True,False,True,False,True,False,False,False,False,False,True,True,False,False
0.0,0.0,0.0,0.0,62.0,1.0,0.0,23.4,1429.65,0,False,True,False,True,True,False,True,False,True,False,True,False,True,False,True,False,False,True,False,False,False
0.0,0.0,0.0,0.0,72.0,1.0,1.0,111.6,8012.75,0,False,True,True,False,False,False,False,True,False,True,False,True,False,True,False,True,False,True,False,False,False
0.0,0.0,1.0,0.0,70.0,0.0,1.0,51.05,3635.15,0,True,False,False,False,False,False,False,True,False,True,False,True,False,False,False,True,True,False,False,False,False
0.0,1.0,1.0,0.0,72.0,1.0,0.0,78.5,5602.25,0,False,True,True,False,False,True,False,False,False,False,False,False,False,False,False,False,False,True,False,False,False
0.0,0.0,1.0,0.0,62.0,1.0,0.0,81.0,4985.9,0,False,False,False,False,False,True,False,False,False,True,False,True,False,True,False,True,False,True,False,False,True
0.0,0.0,0.0,0.0,69.0,0.0,1.0,35.75,2492.25,0,True,False,False,False,False,False,False,True,False,True,False,False,False,False,False,False,True,False,False,False,False
0.0,1.0,1.0,0.0,65.0,1.0,1.0,100.75,6674.65,0,False,True,True,False,False,True,False,False,False,False,False,False,False,True,False,True,True,False,False,True,False
0.0,0.0,0.0,0.0,67.0,1.0,0.0,20.5,1430.95,0,False,False,False,True,True,False,True,False,True,False,True,False,True,False,True,False,False,True,False,False,False
0.0,0.0,1.0,1.0,53.0,1.0,1.0,19.4,1110.35,0,False,False,False,True,True,False,True,False,True,False,True,False,True,False,True,False,False,True,False,False,True
0.0,1.0,1.0,0.0,72.0,1.0,0.0,98.35,6929.4,0,False,True,True,False,False,False,False,True,False,False,False,False,False,True,False,True,False,True,False,False,False
0.0,0.0,1.0,1.0,72.0,1.0,1.0,93.25,6688.95,0,False,True,False,False,False,True,False,True,False,True,False,True,False,True,False,True,False,True,False,False,False
0.0,0.0,1.0,0.0,67.0,1.0,0.0,19.65,1335.2,0,False,False,False,True,True,False,True,False,True,False,True,False,True,False,True,False,False,True,False,False,True
0.0,0.0,1.0,1.0,72.0,1.0,0.0,19.95,1322.85,0,False,False,False,True,True,False,True,False,True,False,True,False,True,False,True,False,False,True,False,False,False
0.0,0.0,1.0,1.0,67.0,1.0,0.0,26.3,1688.9,0,False,True,False,True,True,False,True,False,True,False,True,False,True,False,True,False,False,True,False,False,True
0.0,0.0,1.0,0.0,72.0,1.0,1.0,108.95,7875.0,0,False,True,True,False,False,True,False,True,False,False,False,True,False,True,False,True,False,True,True,False,False
0.0,0.0,1.0,0.0,58.0,1.0,0.0,20.75,1185.95,0,False,False,False,True,True,False,True,False,True,False,True,False,True,False,True,False,False,True,False,False,True
0.0,0.0,1.0,0.0,52.0,1.0,0.0,94.6,5025.8,0,False,True,True,False,False,False,False,True,False,True,False,False,False,True,False,False,False,False,False,False,False
0.0,0.0,1.0,0.0,57.0,1.0,1.0,109.4,6252.7,0,False,True,True,False,False,False,False,True,False,True,False,True,False,True,False,True,True,False,False,False,False
0.0,0.0,1.0,1.0,72.0,1.0,0.0,85.3,6129.2,0,False,False,False,False,False,True,False,True,False,True,False,True,False,True,False,True,False,True,False,False,False
0.0,0.0,0.0,1.0,66.0,1.0,1.0,79.5,5196.1,0,False,False,False,False,False,False,False,True,False,True,False,True,False,True,False,True,False,True,True,False,False
0.0,1.0,1.0,0.0,50.0,1.0,1.0,88.05,4367.35,1,False,True,True,False,False,False,False,True,False,False,False,False,False,True,False,False,False,False,False,True,False
0.0,1.0,1.0,0.0,68.0,1.0,1.0,105.3,7299.65,1,False,True,True,False,False,False,False,True,False,True,False,False,False,True,False,True,False,False,False,True,False
0.0,0.0,1.0,1.0,67.0,1.0,1.0,54.2,3838.2,0,False,False,False,False,False,True,False,True,False,False,False,False,False,False,False,False,False,True,False,False,False
0.0,0.0,1.0,0.0,72.0,1.0,1.0,94.25,6849.75,0,False,True,True,False,False,True,False,True,False,True,False,True,False,False,False,False,False,True,False,False,False
0.0,0.0,1.0,0.0,53.0,1.0,0.0,19.05,990.45,0,False,False,False,True,True,False,True,False,True,False,True,False,True,False,True,False,True,False,True,False,False
0.0,0.0,1.0,1.0,68.0,1.0,1.0,110.2,7467.5,0,False,True,True,False,False,True,False,True,False,True,False,False,False,True,False,True,False,True,False,True,False
0.0,1.0,1.0,1.0,64.0,1.0,1.0,24.4,1548.65,0,False,True,False,True,True,False,True,False,True,False,True,False,True,False,True,False,False,True,False,False,False
0.0,0.0,0.0,0.0,56.0,1.0,1.0,75.75,4284.65,0,False,False,False,False,False,False,False,True,False,False,False,True,False,True,False,True,True,False,False,False,False
0.0,0.0,0.0,0.0,61.0,1.0,0.0,89.2,5500.6,0,False,True,True,False,False,False,False,False,False,True,False,False,False,False,False,True,False,False,False,False,True
0.0,0.0,1.0,1.0,72.0,1.0,0.0,74.55,5430.65,0,False,True,False,False,False,True,False,True,False,False,False,True,False,True,False,False,False,True,False,False,True
0.0,0.0,0.0,0.0,51.0,1.0,1.0,87.35,4473.0,0,False,True,True,False,False,False,False,True,False,True,False,True,False,False,False,False,False,False,False,True,False
0.0,0.0,1.0,1.0,51.0,1.0,1.0,69.75,3562.5,0,False,False,False,False,False,True,False,True,False,False,False,True,False,False,False,True,True,False,True,False,False
0.0,0.0,1.0,1.0,55.0,1.0,0.0,20.5,1177.95,0,False,False,False,True,True,False,True,False,True,False,True,False,True,False,True,False,False,True,False,False,True
0.0,0.0,0.0,0.0,52.0,1.0,1.0,83.8,4331.4,0,False,False,True,False,False,False,False,False,False,True,False,False,False,False,False,True,False,False,True,False,False
0.0,0.0,1.0,0.0,61.0,1.0,1.0,69.9,4226.7,0,False,True,False,False,False,True,False,False,False,True,False,False,False,False,False,True,False,True,False,False,True
0.0,0.0,1.0,1.0,71.0,1.0,1.0,73.35,5154.5,0,False,False,False,False,False,False,False,True,False,False,False,True,False,True,False,True,False,True,True,False,False
0.0,0.0,1.0,0.0,63.0,1.0,0.0,67.25,4234.15,0,False,True,False,False,False,False,False,True,False,False,False,True,False,False,False,True,False,True,False,False,True
0.0,0.0,1.0,0.0,70.0,1.0,1.0,109.5,7674.55,1,False,True,True,False,False,False,False,True,False,True,False,True,False,True,False,True,True,False,False,True,False
0.0,0.0,0.0,1.0,55.0,1.0,0.0,19.1,1001.5,0,False,False,False,True,True,False,True,False,True,False,True,False,True,False,True,False,True,False,False,False,False
0.0,0.0,1.0,0.0,66.0,1.0,1.0,85.9,5595.3,0,False,False,False,False,False,True,False,True,False,True,False,True,False,True,False,True,False,True,False,False,False
0.0,0.0,1.0,1.0,72.0,1.0,1.0,109.2,7711.45,0,False,True,True,False,False,False,False,True,False,True,False,True,False,True,False,True,False,True,False,False,False
0.0,1.0,0.0,0.0,71.0,0.0,1.0,56.45,3985.35,0,True,False,False,False,False,True,False,True,False,False,False,False,False,True,False,True,True,False,False,True,False
0.0,1.0,1.0,0.0,72.0,1.0,0.0,24.3,1778.7,0,False,True,False,True,True,False,True,False,True,False,True,False,True,False,True,False,False,True,False,False,False
0.0,0.0,1.0,1.0,70.0,0.0,0.0,59.5,4144.8,0,True,False,False,False,False,True,False,False,False,True,False,True,False,True,False,True,False,True,False,False,False
0.0,0.0,0.0,0.0,68.0,1.0,0.0,101.35,7110.75,0,False,True,True,False,False,True,False,True,False,True,False,False,False,True,False,False,True,False,False,False,False
0.0,0.0,1.0,1.0,69.0,1.0,0.0,84.45,5848.6,0,False,True,True,False,False,True,False,False,False,True,False,False,False,False,False,False,True,False,False,False,False
0.0,0.0,1.0,1.0,64.0,1.0,1.0,90.6,5817.45,0,False,True,False,False,False,True,False,True,False,True,False,True,False,True,False,True,False,True,False,False,True
0.0,0.0,1.0,1.0,62.0,1.0,0.0,71.4,4487.3,0,False,False,False,False,False,True,False,False,False,True,False,True,False,False,False,True,True,False,True,False,False
0.0,1.0,0.0,0.0,66.0,1.0,1.0,63.85,4174.35,0,False,True,False,False,False,True,False,True,False,False,False,True,False,False,False,False,True,False,True,False,False
0.0,0.0,1.0,1.0,71.0,1.0,1.0,73.35,5154.5,0,False,False,False,False,False,False,False,True,False,False,False,True,False,True,False,True,False,True,True,False,False
0.0,0.0,1.0,0.0,58.0,1.0,1.0,65.25,3791.6,0,False,False,False,False,False,True,False,True,False,False,False,False,False,True,False,False,False,False,True,False,False
0.0,1.0,0.0,0.0,65.0,1.0,1.0,99.1,6496.15,0,False,False,True,False,False,False,False,True,False,True,False,False,False,True,False,True,False,False,False,False,False
0.0,0.0,1.0,0.0,64.0,1.0,1.0,102.45,6654.1,0,False,False,True,False,False,False,False,True,False,True,False,True,False,True,False,True,True,False,True,False,False
0.0,0.0,1.0,1.0,59.0,1.0,0.0,19.5,1147.85,0,False,False,False,True,True,False,True,False,True,False,True,False,True,False,True,False,False,True,False,False,True
0.0,0.0,1.0,1.0,55.0,1.0,0.0,19.15,998.1,0,False,False,False,True,True,False,True,False,True,False,True,False,True,False,True,False,True,False,True,False,False
0.0,0.0,1.0,1.0,63.0,1.0,0.0,19.35,1263.85,0,False,False,False,True,True,False,True,False,True,False,True,False,True,False,True,False,False,True,False,True,False
0.0,0.0,0.0,0.0,63.0,1.0,0.0,90.45,5825.5,0,False,True,True,False,False,False,False,True,False,False,False,False,False,False,False,True,True,False,True,False,False
0.0,0.0,1.0,1.0,72.0,1.0,0.0,26.1,1851.45,0,False,True,False,True,True,False,True,False,True,False,True,False,True,False,True,False,False,True,False,False,True
0.0,1.0,1.0,0.0,64.0,1.0,0.0,25.65,1740.8,0,False,True,False,True,True,False,True,False,True,False,True,False,True,False,True,False,False,True,True,False,False
0.0,0.0,0.0,0.0,60.0,1.0,0.0,20.6,1093.0,0,False,False,False,True,True,False,True,False,True,False,True,False,True,False,True,False,False,True,False,False,True
0.0,0.0,1.0,0.0,57.0,1.0,1.0,100.75,5985.0,0,False,True,True,False,False,False,False,False,False,True,False,False,False,True,False,True,True,False,True,False,False
0.0,0.0,1.0,1.0,71.0,1.0,1.0,66.85,4748.7,0,False,True,False,False,False,True,False,True,False,False,False,True,False,False,False,False,True,False,True,False,False
0.0,0.0,1.0,1.0,72.0,1.0,1.0,95.1,6843.15,0,False,True,True,False,False,True,False,True,False,False,False,False,False,True,False,False,False,True,False,True,False
0.0,0.0,1.0,1.0,72.0,1.0,1.0,116.85,8477.7,0,False,True,True,False,False,True,False,True,False,True,False,True,False,True,False,True,False,True,False,False,False
0.0,0.0,1.0,1.0,68.0,1.0,1.0,85.0,5607.75,0,False,False,False,False,False,True,False,True,False,True,False,True,False,True,False,True,False,True,True,False,False
0.0,0.0,1.0,0.0,72.0,1.0,1.0,84.4,6096.45,0,False,True,False,False,False,True,False,False,False,True,False,True,False,True,False,True,False,True,True,False,False
0.0,0.0,1.0,1.0,67.0,1.0,1.0,54.2,3838.2,0,False,False,False,False,False,True,False,True,False,False,False,False,False,False,False,False,False,True,False,False,False
0.0,0.0,1.0,1.0,72.0,0.0,1.0,65.65,4664.5,0,True,False,False,False,False,True,False,True,False,True,False,True,False,True,False,True,False,True,False,False,False
0.0,0.0,1.0,1.0,72.0,0.0,1.0,65.2,4784.45,0,True,False,False,False,False,True,False,True,False,True,False,True,False,True,False,True,False,True,True,False,False
0.0,0.0,0.0,0.0,52.0,1.0,1.0,89.45,4577.75,0,False,True,True,False,False,False,False,False,False,True,False,False,False,False,False,True,False,True,True,False,False
0.0,0.0,0.0,0.0,72.0,1.0,0.0,86.65,6224.8,0,False,True,False,False,False,True,False,True,False,True,False,True,False,True,False,True,False,True,False,False,False
0.0,0.0,1.0,0.0,52.0,1.0,1.0,106.3,5487.0,0,False,False,True,False,False,True,False,True,False,True,False,True,False,True,False,True,False,True,False,True,False
0.0,0.0,1.0,1.0,72.0,1.0,1.0,90.8,6511.8,0,False,True,True,False,False,False,False,False,False,True,False,False,False,False,False,True,False,True,True,False,False
0.0,0.0,1.0,1.0,64.0,1.0,1.0,53.85,3399.85,0,False,True,False,False,False,False,False,True,False,False,False,False,False,False,False,False,True,False,False,False,False
0.0,0.0,1.0,1.0,64.0,1.0,0.0,113.35,7222.75,0,False,True,True,False,False,True,False,True,False,True,False,True,False,True,False,True,True,False,False,True,False
0.0,0.0,1.0,1.0,51.0,1.0,0.0,60.5,3121.45,0,False,False,False,False,False,True,False,True,False,False,False,True,False,False,False,False,False,True,True,False,False
0.0,0.0,0.0,0.0,57.0,0.0,0.0,53.35,3090.05,0,True,False,False,False,False,False,False,False,False,True,False,True,False,True,False,True,False,True,True,False,False
0.0,0.0,0.0,1.0,66.0,1.0,1.0,79.5,5196.1,0,False,False,False,False,False,False,False,True,False,True,False,True,False,True,False,True,False,True,True,False,False
0.0,0.0,1.0,0.0,54.0,0.0,0.0,30.4,1621.35,0,True,False,False,False,False,False,False,True,False,False,False,False,False,False,False,False,False,False,False,True,False
0.0,0.0,1.0,1.0,69.0,1.0,1.0,95.2,6671.7,0,False,False,True,False,False,False,False,False,False,False,False,True,False,True,False,True,False,True,True,False,False
0.0,0.0,1.0,1.0,69.0,1.0,1.0,64.15,4254.1,0,False,True,False,False,False,True,False,False,False,True,False,True,False,False,False,False,False,True,True,False,False
0.0,0.0,1.0,1.0,72.0,1.0,1.0,116.8,8456.75,0,False,True,True,False,False,True,False,True,False,True,False,True,False,True,False,True,False,True,True,False,False
0.0,0.0,1.0,1.0,53.0,1.0,1.0,92.55,4779.45,0,False,False,True,False,False,False,False,True,False,False,False,True,False,True,False,False,False,False,False,True,False
0.0,0.0,0.0,0.0,63.0,1.0,0.0,24.2,1618.2,0,False,True,False,True,True,False,True,False,True,False,True,False,True,False,True,False,False,True,False,False,True
0.0,0.0,1.0,0.0,72.0,1.0,1.0,110.45,7982.5,0,False,True,True,False,False,False,False,True,False,True,False,True,False,True,False,True,False,True,False,False,False
0.0,0.0,1.0,1.0,56.0,1.0,1.0,68.75,3808.0,0,False,True,False,False,False,True,False,False,False,True,False,False,False,False,False,True,True,False,False,False,False
0.0,0.0,0.0,0.0,56.0,1.0,1.0,75.75,4284.65,0,False,False,False,False,False,False,False,True,False,False,False,True,False,True,False,True,True,False,False,False,False
0.0,0.0,0.0,0.0,54.0,1.0,1.0,95.1,5064.85,0,False,True,True,False,False,False,False,False,False,True,False,True,False,False,False,True,False,True,False,False,False
0.0,0.0,1.0,0.0,64.0,1.0,1.0,66.15,4392.5,0,False,True,False,False,False,True,False,False,False,False,False,False,False,True,False,False,True,False,True,False,False
0.0,0.0,1.0,1.0,69.0,1.0,0.0,61.4,4059.85,0,False,True,False,False,False,True,False,False,False,False,False,True,False,False,False,False,False,True,True,False,False
0.0,0.0,1.0,1.0,69.0,1.0,0.0,113.25,7895.15,0,False,True,True,False,False,True,False,True,False,True,False,True,False,True,False,True,False,True,True,False,False
0.0,1.0,0.0,0.0,56.0,1.0,0.0,104.75,5841.35,0,False,True,True,False,False,False,False,True,False,True,False,False,False,True,False,True,False,False,False,True,False
0.0,1.0,1.0,0.0,71.0,1.0,1.0,99.4,7168.25,0,False,False,True,False,False,True,False,True,False,True,False,True,False,True,False,False,False,True,False,True,False
0.0,0.0,1.0,1.0,53.0,1.0,1.0,69.7,3729.6,0,False,False,False,False,False,True,False,True,False,False,False,True,False,True,False,False,False,True,False,False,True
0.0,0.0,0.0,0.0,72.0,1.0,0.0,19.3,1414.8,0,False,False,False,True,True,False,True,False,True,False,True,False,True,False,True,False,False,True,False,False,False
0.0,0.0,1.0,1.0,66.0,1.0,1.0,67.45,4508.65,0,False,True,False,False,False,True,False,True,False,True,False,False,False,False,False,False,False,False,False,False,False
0.0,0.0,0.0,0.0,51.0,1.0,1.0,94.8,4837.6,1,False,True,True,False,False,True,False,True,False,False,False,False,False,True,False,False,True,False,False,True,False
0.0,0.0,0.0,0.0,71.0,1.0,0.0,97.65,6687.85,0,False,True,True,False,False,True,False,False,False,False,False,True,False,False,False,True,True,False,True,False,False
0.0,0.0,1.0,1.0,72.0,1.0,1.0,108.3,7679.65,0,False,False,True,False,False,True,False,True,False,True,False,True,False,True,False,True,False,True,False,False,False
0.0,0.0,1.0,1.0,65.0,1.0,1.0,19.85,1267.05,0,False,False,False,True,True,False,True,False,True,False,True,False,True,False,True,False,False,True,True,False,False
0.0,0.0,0.0,0.0,67.0,1.0,1.0,118.35,7804.15,1,False,True,True,False,False,True,False,True,False,True,False,True,False,True,False,True,True,False,False,False,False
0.0,0.0,0.0,0.0,52.0,1.0,1.0,89.45,4577.75,0,False,True,True,False,False,False,False,False,False,True,False,False,False,False,False,True,False,True,True,False,False
0.0,1.0,1.0,0.0,72.0,1.0,1.0,109.75,7932.5,0,False,True,True,False,False,False,False,True,False,True,False,True,False,True,False,True,False,True,False,False,False
0.0,0.0,1.0,0.0,63.0,1.0,0.0,80.0,5040.2,0,False,True,False,False,False,True,False,True,False,True,False,True,False,False,False,True,True,False,True,False,False
0.0,0.0,1.0,1.0,68.0,1.0,1.0,101.05,6770.5,0,False,True,True,False,False,False,False,True,False,False,False,False,False,True,False,True,True,False,True,False,False
0.0,0.0,0.0,0.0,60.0,1.0,0.0,104.7,6333.8,0,False,True,True,False,False,False,False,True,False,True,False,False,False,True,False,True,False,True,False,True,False
0.0,0.0,1.0,1.0,69.0,1.0,0.0,20.15,1337.5,0,False,False,False,True,True,False,True,False,True,False,True,False,True,False,True,False,False,True,False,False,False
0.0,0.0,1.0,0.0,53.0,1.0,0.0,110.5,5835.5,0,False,False,True,False,False,True,False,True,False,True,False,True,False,True,False,True,True,False,False,True,False
0.0,0.0,1.0,0.0,71.0,1.0,0.0,90.1,6310.9,0,False,True,False,False,False,True,False,True,False,True,False,True,False,True,False,True,False,True,False,True,False
0.0,0.0,1.0,1.0,68.0,1.0,1.0,99.55,6668.0,0,False,False,True,False,False,True,False,False,False,False,False,True,False,True,False,True,False,True,False,True,False
0.0,0.0,1.0,1.0,72.0,1.0,1.0,89.4,6376.55,0,False,True,False,False,False,True,False,True,False,True,False,True,False,True,False,True,False,True,False,False,True
0.0,0.0,1.0,1.0,61.0,1.0,0.0,20.4,1226.45,0,False,False,False,True,True,False,True,False,True,False,True,False,True,False,True,False,True,False,False,False,True
0.0,1.0,1.0,0.0,66.0,1.0,1.0,107.35,7051.95,0,False,True,True,False,False,False,False,True,False,True,False,True,False,True,False,True,True,False,False,False,False
0.0,0.0,1.0,0.0,64.0,1.0,1.0,104.05,6605.55,0,False,False,True,False,False,True,False,True,False,False,False,True,False,True,False,True,False,True,True,False,False
0.0,0.0,1.0,1.0,72.0,1.0,1.0,70.45,5165.7,0,False,True,False,False,False,True,False,True,False,True,False,True,False,False,False,False,False,True,False,False,False
0.0,0.0,0.0,0.0,60.0,1.0,0.0,80.55,4847.05,0,False,True,False,False,False,False,False,False,False,True,False,True,False,True,False,True,True,False,True,False,False
0.0,0.0,0.0,1.0,66.0,1.0,0.0,65.7,4378.9,0,False,True,False,False,False,True,False,True,False,False,False,True,False,False,False,False,False,True,False,False,False
0.0,0.0,1.0,1.0,56.0,0.0,1.0,36.1,1971.5,0,True,False,False,False,False,False,False,True,False,True,False,False,False,False,False,False,True,False,True,False,False
0.0,0.0,1.0,1.0,70.0,1.0,1.0,69.2,4872.35,0,False,True,False,False,False,True,False,True,False,False,False,False,False,True,False,False,False,True,True,False,False
0.0,0.0,0.0,0.0,56.0,1.0,0.0,98.6,5581.05,0,False,True,True,False,False,False,False,True,False,False,False,False,False,True,False,True,False,False,False,True,False
0.0,0.0,1.0,1.0,72.0,1.0,0.0,88.7,6501.35,0,False,True,False,False,False,True,False,True,False,True,False,True,False,True,False,True,False,True,True,False,False
0.0,1.0,1.0,0.0,72.0,1.0,1.0,116.75,8277.05,0,False,True,True,False,False,True,False,True,False,True,False,True,False,True,False,True,False,True,True,False,False
0.0,1.0,1.0,0.0,71.0,1.0,1.0,96.35,6766.95,0,False,True,True,False,False,True,False,True,False,True,False,True,False,False,False,False,False,True,True,False,False
0.0,0.0,1.0,0.0,59.0,1.0,0.0,85.55,5084.65,1,False,True,True,False,False,False,False,False,False,False,False,False,False,False,False,True,True,False,False,True,False
0.0,0.0,1.0,0.0,72.0,1.0,1.0,108.5,8003.8,0,False,True,True,False,False,False,False,True,False,True,False,True,False,True,False,True,True,False,False,False,False
0.0,0.0,1.0,0.0,53.0,1.0,0.0,77.4,4155.95,0,False,True,False,False,False,True,False,False,False,True,False,True,False,True,False,False,True,False,False,False,False
0.0,0.0,1.0,1.0,61.0,1.0,0.0,20.55,1305.95,0,False,False,False,True,True,False,True,False,True,False,True,False,True,False,True,False,False,True,True,False,False
0.0,0.0,0.0,0.0,64.0,1.0,1.0,84.3,5289.05,0,False,True,True,False,False,True,False,True,False,False,False,False,False,False,False,False,True,False,True,False,False
0.0,1.0,0.0,0.0,56.0,1.0,1.0,101.05,5594.0,0,False,True,True,False,False,False,False,False,False,True,False,False,False,True,False,True,False,False,False,True,False
0.0,0.0,0.0,1.0,56.0,1.0,1.0,21.2,1238.65,0,False,False,False,True,True,False,True,False,True,False,True,False,True,False,True,False,True,False,False,False,True
0.0,0.0,1.0,0.0,69.0,1.0,0.0,24.25,1641.8,0,False,True,False,True,True,False,True,False,True,False,True,False,True,False,True,False,False,True,False,False,False
0.0,1.0,1.0,0.0,72.0,1.0,1.0,102.65,7550.3,0,False,True,True,False,False,True,False,True,False,True,False,False,False,False,False,True,False,True,True,False,False
0.0,0.0,0.0,0.0,53.0,1.0,1.0,80.6,4348.1,0,False,False,True,False,False,False,False,True,False,False,False,True,False,False,False,False,False,False,False,False,True
0.0,0.0,0.0,0.0,51.0,0.0,1.0,56.4,2928.5,0,True,False,False,False,False,False,False,True,False,True,False,False,False,True,False,True,True,False,True,False,False
0.0,0.0,1.0,0.0,54.0,1.0,1.0,114.65,6049.5,0,False,True,True,False,False,True,False,True,False,True,False,True,False,True,False,True,True,False,False,False,True
0.0,0.0,0.0,0.0,52.0,0.0,0.0,63.9,3334.95,0,True,False,False,False,False,True,False,True,False,True,False,True,False,True,False,True,False,True,True,False,False
0.0,0.0,0.0,0.0,51.0,1.0,0.0,24.75,1234.6,0,False,True,False,True,True,False,True,False,True,False,True,False,True,False,True,False,False,True,False,False,True
0.0,0.0,0.0,1.0,51.0,0.0,0.0,60.15,3077.0,0,True,False,False,False,False,True,False,False,False,True,False,True,False,True,False,True,True,False,False,False,False
0.0,0.0,0.0,1.0,63.0,1.0,0.0,19.5,1215.1,0,False,False,False,True,True,False,True,False,True,False,True,False,True,False,True,False,False,True,True,False,False
0.0,0.0,1.0,1.0,69.0,1.0,0.0,80.65,5542.55,0,False,False,False,False,False,True,False,True,False,False,False,True,False,True,False,True,False,True,False,False,False
0.0,0.0,1.0,0.0,67.0,1.0,1.0,111.3,7567.2,0,False,True,True,False,False,False,False,True,False,True,False,True,False,True,False,True,False,True,False,False,False
0.0,0.0,0.0,0.0,65.0,1.0,1.0,95.5,6153.85,0,False,True,True,False,False,False,False,True,False,True,False,False,False,True,False,False,True,False,False,True,False
0.0,0.0,1.0,0.0,59.0,1.0,1.0,94.75,5597.65,0,False,True,True,False,False,True,False,True,False,False,False,False,False,True,False,False,False,False,False,True,False
0.0,0.0,0.0,0.0,71.0,0.0,0.0,53.95,3888.65,0,True,False,False,False,False,True,False,True,False,True,False,True,False,True,False,False,False,True,False,False,False
0.0,0.0,1.0,0.0,71.0,1.0,0.0,83.2,6126.1,0,False,True,False,False,False,True,False,False,False,True,False,True,False,True,False,True,False,True,False,True,False
0.0,0.0,1.0,1.0,59.0,1.0,1.0,106.15,6256.2,0,False,True,True,False,False,False,False,True,False,True,False,False,False,True,False,True,True,False,False,True,False
0.0,1.0,1.0,0.0,71.0,1.0,1.0,82.7,5831.2,0,False,True,False,False,False,True,False,True,False,True,False,True,False,False,False,True,False,True,False,False,False
0.0,0.0,1.0,1.0,69.0,1.0,0.0,86.9,6194.1,0,False,True,False,False,False,True,False,False,False,True,False,True,False,True,False,True,False,True,False,False,False
0.0,0.0,1.0,1.0,72.0,1.0,0.0,20.55,1432.55,0,False,False,False,True,True,False,True,False,True,False,True,False,True,False,True,False,False,True,False,True,False
0.0,0.0,0.0,0.0,54.0,1.0,1.0,20.5,1035.7,0,False,False,False,True,True,False,True,False,True,False,True,False,True,False,True,False,False,True,False,False,True
0.0,0.0,1.0,1.0,71.0,1.0,1.0,95.15,6770.85,0,False,True,True,False,False,True,False,True,False,True,False,True,False,False,False,False,True,False,True,False,False
0.0,0.0,1.0,1.0,59.0,1.0,0.0,76.75,4541.9,0,False,False,False,False,False,False,False,True,False,True,False,True,False,True,False,True,True,False,True,False,False
0.0,0.0,0.0,0.0,58.0,1.0,0.0,70.1,4048.95,0,False,False,False,False,False,False,False,True,False,True,False,True,False,True,False,False,False,True,False,False,False
0.0,0.0,1.0,1.0,72.0,1.0,1.0,103.2,7362.9,0,False,True,True,False,False,False,False,True,False,True,False,False,False,True,False,True,True,False,True,False,False
0.0,0.0,1.0,1.0,55.0,1.0,1.0,75.0,4213.9,0,False,True,False,False,False,True,False,True,False,False,False,True,False,True,False,False,True,False,True,False,False
0.0,0.0,0.0,0.0,59.0,0.0,1.0,51.7,3005.8,0,True,False,False,False,False,False,False,False,False,False,False,True,False,True,False,True,False,False,False,True,False
0.0,0.0,0.0,0.0,66.0,1.0,0.0,99.5,6710.5,1,False,False,True,False,False,False,False,True,False,True,False,False,False,True,False,True,False,False,False,True,False
0.0,0.0,1.0,1.0,54.0,1.0,0.0,91.3,4965.0,0,False,True,False,False,False,True,False,True,False,True,False,True,False,True,False,True,False,True,True,False,False
0.0,0.0,0.0,1.0,61.0,1.0,0.0,19.75,1124.2,0,False,False,False,True,True,False,True,False,True,False,True,False,True,False,True,False,False,True,False,False,True
0.0,0.0,1.0,1.0,69.0,1.0,0.0,84.45,5848.6,0,False,True,True,False,False,True,False,False,False,True,False,False,False,False,False,False,True,False,False,False,False
0.0,1.0,0.0,0.0,56.0,1.0,1.0,96.85,5219.65,0,False,True,True,False,False,True,False,True,False,False,False,False,False,False,False,True,False,False,False,True,False
0.0,0.0,0.0,0.0,62.0,1.0,0.0,102.0,6529.25,1,False,True,True,False,False,True,False,True,False,False,False,True,False,False,False,True,True,False,False,True,False
0.0,0.0,1.0,1.0,64.0,1.0,0.0,20.2,1277.75,0,False,False,False,True,True,False,True,False,True,False,True,False,True,False,True,False,False,True,False,False,True
0.0,1.0,1.0,0.0,70.0,1.0,0.0,90.05,6333.4,0,False,True,False,False,False,True,False,True,False,True,False,True,False,True,False,True,False,True,True,False,False
0.0,0.0,1.0,1.0,65.0,1.0,1.0,105.5,6985.65,1,False,True,True,False,False,False,False,True,False,True,False,False,False,True,False,True,False,False,False,True,False
0.0,1.0,1.0,0.0,64.0,1.0,1.0,94.25,6081.4,0,False,True,True,False,False,False,False,True,False,True,False,False,False,False,False,True,False,False,False,True,False
0.0,0.0,1.0,1.0,55.0,1.0,1.0,85.1,4657.95,0,False,True,False,False,False,True,False,False,False,True,False,True,False,True,False,True,False,True,False,False,False
0.0,1.0,1.0,0.0,66.0,1.0,0.0,104.6,6819.45,0,False,True,True,False,False,False,False,True,False,True,False,False,False,True,False,True,True,False,True,False,False
0.0,0.0,0.0,0.0,67.0,1.0,0.0,19.95,1311.75,0,False,False,False,True,True,False,True,False,True,False,True,False,True,False,True,False,False,True,False,False,False
0.0,0.0,1.0,0.0,66.0,1.0,1.0,105.0,7133.25,1,False,True,True,False,False,False,False,True,False,True,False,False,False,True,False,True,False,False,True,False,False
0.0,0.0,1.0,0.0,72.0,1.0,1.0,100.55,7325.1,0,False,True,True,False,False,True,False,True,False,False,False,True,False,False,False,True,False,True,False,False,False
0.0,0.0,1.0,1.0,72.0,1.0,1.0,83.6,5959.3,0,False,True,False,False,False,True,False,True,False,True,False,False,False,True,False,True,False,True,True,False,False
0.0,0.0,1.0,0.0,72.0,1.0,1.0,97.0,7104.2,0,False,True,True,False,False,True,False,True,False,True,False,True,False,False,False,False,False,True,False,False,False
0.0,1.0,0.0,0.0,60.0,1.0,1.0,71.75,4374.55,0,False,True,False,False,False,True,False,True,False,False,False,False,False,False,False,True,True,False,False,True,False
0.0,0.0,1.0,0.0,64.0,1.0,1.0,105.4,6794.75,0,False,True,True,False,False,False,False,True,False,False,False,True,False,True,False,True,False,True,False,False,False
0.0,0.0,0.0,0.0,64.0,1.0,1.0,100.3,6603.8,0,False,False,True,False,False,True,False,True,False,False,False,False,False,True,False,True,True,False,True,False,False
0.0,0.0,0.0,0.0,72.0,1.0,1.0,104.95,7544.3,0,False,True,True,False,False,False,False,True,False,True,False,False,False,True,False,True,True,False,False,True,False
0.0,0.0,1.0,0.0,55.0,1.0,1.0,94.75,5276.1,0,False,False,True,False,False,True,False,False,False,False,False,False,False,True,False,True,True,False,False,True,False
0.0,0.0,0.0,0.0,54.0,1.0,0.0,19.65,1008.7,0,False,False,False,True,True,False,True,False,True,False,True,False,True,False,True,False,False,True,True,False,False
0.0,1.0,1.0,0.0,52.0,1.0,1.0,104.45,5481.25,0,False,False,True,False,False,True,False,False,False,True,False,True,False,True,False,True,True,False,False,False,False
0.0,0.0,1.0,0.0,63.0,1.0,1.0,103.4,6603.0,1,False,True,True,False,False,False,False,True,False,True,False,False,False,True,False,True,False,False,False,True,False
0.0,0.0,0.0,0.0,55.0,1.0,1.0,96.8,5283.95,1,False,True,True,False,False,False,False,False,False,False,False,False,False,True,False,True,False,False,False,True,False
0.0,0.0,0.0,0.0,72.0,1.0,0.0,24.75,1777.6,0,False,True,False,True,True,False,True,False,True,False,True,False,True,False,True,False,False,True,False,False,False
0.0,0.0,1.0,0.0,56.0,1.0,1.0,93.15,5253.95,0,False,True,True,False,False,True,False,True,False,True,False,False,False,False,False,False,True,False,False,True,False
0.0,0.0,0.0,0.0,52.0,0.0,1.0,58.75,3038.55,0,True,False,False,False,False,True,False,True,False,True,False,False,False,True,False,True,False,True,False,False,False
0.0,0.0,1.0,0.0,72.0,0.0,1.0,49.2,3580.95,0,True,False,False,False,False,True,False,True,False,True,False,False,False,False,False,True,False,True,False,True,False
0.0,0.0,1.0,1.0,68.0,1.0,0.0,25.75,1686.15,0,False,True,False,True,True,False,True,False,True,False,True,False,True,False,True,False,False,True,False,False,True
0.0,0.0,1.0,1.0,70.0,1.0,0.0,25.35,1715.15,0,False,True,False,True,True,False,True,False,True,False,True,False,True,False,True,False,False,True,False,False,True
0.0,0.0,1.0,1.0,52.0,1.0,0.0,19.85,1070.5,0,False,False,False,True,True,False,True,False,True,False,True,False,True,False,True,False,False,True,False,False,True
0.0,0.0,0.0,0.0,56.0,1.0,1.0,64.65,3665.55,0,False,True,False,False,False,True,False,True,False,False,False,True,False,False,False,False,True,False,False,False,False
0.0,0.0,1.0,0.0,72.0,1.0,1.0,25.25,1841.2,0,False,True,False,True,True,False,True,False,True,False,True,False,True,False,True,False,False,True,False,False,False
0.0,1.0,0.0,0.0,56.0,1.0,1.0,101.05,5594.0,0,False,True,True,False,False,False,False,False,False,True,False,False,False,True,False,True,False,False,False,True,False
